{
  "rulerScale": 1.7,
  "mesh": {
    "position": {
      "x": 4.159505367279053,
      "y": 0.03153737634420395,
      "z": -0.39250826835632324
    },
    "rotation": {
      "x": 0,
      "y": -1.569739699153951,
      "z": 0
    },
    "scaling": {
      "x": 0.00015162200458380653,
      "y": 0.00015162200725171715,
      "z": 0.00015162200458380653
    }
  }
}